ID,Job Title,Email Address,FirstName LastName
1,CNC Operator,Lana_Strong7439@hourpy.biz,Lana Strong
2,Doctor,Michaela_Grey807@qater.org,Michaela Grey
3,Call Center Representative,Daniel_Fowler2643@ubusive.com,Daniel Fowler
4,Healthcare Specialist,Oliver_Carter7326@zorer.org,Oliver Carter
5,Doctor,Mya_Lindop6054@kideod.biz,Mya Lindop
6,Bellman,Mark_Victor2303@elnee.tech,Mark Victor
7,Executive Director,Priscilla_Cunningham9138@gembat.biz,Priscilla Cunningham
8,Insurance Broker,Bree_Rehman2788@brety.org,Bree Rehman
9,Paramedic,Anthony_Clark8359@bretoux.com,Anthony Clark
10,Cash Manager,Mackenzie_Saunders6380@cispeto.com,Mackenzie Saunders